{
  "norm_stats": {
    "state": {
      "mean": [
        -1386.375244140625,
        53534.98046875,
        -23944.279296875,
        5890.2861328125,
        14666.3125,
        -7391.07275390625,
        22150.65625
      ],
      "std": [
        9213.75390625,
        36796.94140625,
        16817.76953125,
        12634.2001953125,
        25095.498046875,
        16183.9111328125,
        30290.609375
      ],
      "q01": [
        -25406.359375,
        896.0,
        -60078.2265625,
        -22512.53125,
        -40311.2578125,
        -52405.703125,
        -2700.0400390625
      ],
      "q99": [
        21070.84765625,
        110189.453125,
        1582.125,
        42302.765625,
        69847.765625,
        28597.9609375,
        68074.296875
      ]
    },
    "actions": {
      "mean": [
        35.34020233154297,
        -3321.411376953125,
        2809.820068359375,
        -137.31472778320312,
        -2637.43408203125,
        378.5668029785156,
        19025.0078125
      ],
      "std": [
        10789.7978515625,
        44354.87109375,
        19179.712890625,
        10315.1142578125,
        27116.150390625,
        12112.0810546875,
        29338.716796875
      ],
      "q01": [
        -28225.025390625,
        -102409.8203125,
        -44978.265625,
        -29378.734375,
        -69414.578125,
        -35883.6171875,
        -2714.75390625
      ],
      "q99": [
        32697.6484375,
        90837.46875,
        45015.9921875,
        29836.9375,
        54555.0,
        36063.0,
        68015.4453125
      ]
    }
  }
}